{"CD2Conv": {"train": {"loss": [0.4983064003853078, 0.43620506882347987, 0.408643609480804, 0.3787991624889614, 0.345801266239183, 0.3050285973131831, 0.259933442123349, 0.2118171786529585, 0.1675962110188609, 0.12883297445530176, 0.10067438775214031, 0.08143930991440519, 0.06513041729287133, 0.05651386417483356, 0.04700069931724684, 0.04170914210409779, 0.03750134597871341, 0.033616584108291395, 0.03370152621519372, 0.02891319105486982, 0.02939541851179128, 0.029253370124682043, 0.024517200551065495, 0.024093906451454428, 0.024561945393230526, 0.02164157697848837, 0.021451325640307627, 0.020349881124650384, 0.0213108457852387, 0.020238821487867986, 0.01823205413797809, 0.02084002193521234, 0.01723696798123092, 0.017755464768915864, 0.016917302891343588, 0.017876433663354226, 0.01611809328663891, 0.015545912719071055, 0.01682668590801369, 0.01600827440540741, 0.015551652461857595, 0.015227493771134618, 0.014252162667612119, 0.013968415279535771, 0.015995742247394227, 0.013800483690420981, 0.01307640487678441, 0.013430732074954483, 0.01339336001710673, 0.012847846041262573], "accuracy": [0.7664983479832929, 0.8034349479458887, 0.8171311015522723, 0.8327286328782495, 0.8501527336200985, 0.8723895019013778, 0.8950314818278162, 0.9180100991210024, 0.939081104669285, 0.9553768468299981, 0.9666729006919768, 0.9735739667103048, 0.9794962907549405, 0.9822641979926439, 0.9854435509008167, 0.9871329717598654, 0.988735116264572, 0.9896452839598529, 0.9894083909980674, 0.991309768717661, 0.9909107910978119, 0.9912848326164204, 0.9926750202605823, 0.9926251480581011, 0.9922635745901128, 0.9933732310953183, 0.9933046568169067, 0.9938719531201297, 0.9932984227915965, 0.9936475282089645, 0.9943083348918397, 0.9935914219811732, 0.9948319930178916, 0.9944392494233527, 0.9948631631444423, 0.9944267813727323, 0.9948132909419612, 0.9952309706377408, 0.9946075681067265, 0.9950813540302974, 0.9952870768655321, 0.9952185025871205, 0.9956985225360016, 0.9956424163082103, 0.9950938220809177, 0.9957047565613116, 0.9959790536749579, 0.9958045009662739, 0.9956922885106914, 0.9961473723583317]}, "validation": {"loss": [0.4514450613857386, 0.43359948980958074, 0.4458220585030328, 0.4151277741688158, 0.44363685088696986, 0.4576856157403018, 0.48844622163841067, 0.5324444897619998, 0.6291335485139912, 0.6703748124078104, 0.7121000856000602, 0.805353902293707, 0.9009519346740559, 0.9993500831525245, 1.0401938330763332, 1.1798702174500033, 1.1317785441126387, 1.2321658226489165, 1.1902235513101573, 1.295541774434718, 1.2859041934809523, 1.2613255825676224, 1.3202558141636462, 1.3856240776325686, 1.3833370384236854, 1.5123283006986552, 1.4744660653160546, 1.5474611871760453, 1.472537872821253, 1.4772409391146375, 1.5690100993459486, 1.5460475088235934, 1.5891887326214857, 1.6430600305862015, 1.7088996816152302, 1.6590229367011324, 1.661683644169751, 1.7264887616707136, 1.657890385314421, 1.746085481540947, 1.7976990987411308, 1.7860177569158202, 1.793358923074801, 1.8218306878738815, 1.817874852801996, 1.823644614519294, 1.8888219104849029, 1.870646423882599, 1.8249584061881157, 1.8558922764214836], "accuracy": [0.7933684919210053, 0.8024012567324955, 0.7994838420107719, 0.8174371633752244, 0.8032428186714542, 0.804028276481149, 0.791629263913824, 0.7772666068222621, 0.7687387791741472, 0.7898339317773788, 0.7791741472172352, 0.7766494614003591, 0.777322710951526, 0.7846723518850988, 0.7775471274685817, 0.7801840215439856, 0.7719928186714542, 0.7792302513464991, 0.7787253141831239, 0.7732271095152603, 0.7748541292639138, 0.7681216337522442, 0.7749102333931778, 0.7728343806104129, 0.7658774685816876, 0.7765933572710951, 0.7621184919210053, 0.7818110412926391, 0.7749663375224417, 0.7800157091561939, 0.7822598743267505, 0.777322710951526, 0.7718245062836625, 0.774068671454219, 0.7698047576301615, 0.7749663375224417, 0.7763128366247756, 0.7730587971274686, 0.7738442549371634, 0.7716000897666068, 0.7796229802513465, 0.768850987432675, 0.7730587971274686, 0.7677850089766607, 0.7691876122082585, 0.774685816876122, 0.7744052962298025, 0.7735637342908438, 0.764923698384201, 0.7645870736086176]}}}