{
  "CD2Conv": {
    "train": {
      "loss": [
        0.4985108335337268,
        0.4442657590009024,
        0.41425208817039016,
        0.38183394238528345,
        0.3432628141545081,
        0.29605176185206816,
        0.24259970114178495,
        0.18642172184865394,
        0.14045187257433256,
        0.10429914517253944,
        0.07917632235121336,
        0.06395143009836028,
        0.050952696133251464,
        0.04308083526133844,
        0.03856921569372188,
        0.03543155034073336,
        0.03180304438016947,
        0.030613047728736156,
        0.02787794155774053,
        0.026001509815894802,
        0.025204239713678217,
        0.023779822011762677,
        0.023193818821623614,
        0.022602215211626104,
        0.020838597496313914,
        0.019254637611617113,
        0.020915760312807195,
        0.018130269354358748,
        0.018407438183281718,
        0.018740740929526507,
        0.017102883163277918,
        0.016276717639739143,
        0.016072429254936196,
        0.01568220874701733,
        0.016054078530553642,
        0.014806253894623646,
        0.014468374403025105,
        0.015099928012797845,
        0.013748228748864113,
        0.01459563936248205,
        0.012833183594560538,
        0.01310194043130134,
        0.013915669283803271,
        0.013248868737167643,
        0.013005955973032498,
        0.012403340601649621,
        0.01225609118002456,
        0.013805500324055258,
        0.010765461136077091,
        0.01189369089351499
      ],
      "accuracy": [
        0.7663050931986783,
        0.7968268811171373,
        0.814057727074372,
        0.8314381896390499,
        0.8515865594414314,
        0.8778941462502338,
        0.9045321364004738,
        0.932011719967583,
        0.9514992830870893,
        0.9654260956299483,
        0.9745527086839972,
        0.9800511190075432,
        0.9845146811296054,
        0.9869147808740103,
        0.9883299046194127,
        0.9893709868462066,
        0.9902873885667975,
        0.9905492176298236,
        0.9913783429960725,
        0.9924256592481765,
        0.9921014899320492,
        0.9926313820834113,
        0.9929617854248488,
        0.9930739978804314,
        0.993709868462066,
        0.9942148245121876,
        0.9934293373231096,
        0.9945389938283149,
        0.99432080294246,
        0.9942397606134281,
        0.9948880992456829,
        0.995112524156848,
        0.9949753756000249,
        0.9951374602580887,
        0.995106290131538,
        0.9954553955489059,
        0.9956237142322798,
        0.9954553955489059,
        0.9959229474471666,
        0.9954865656754567,
        0.9960538619786796,
        0.9960663300292999,
        0.9957483947384826,
        0.9959915217255783,
        0.9958481391434449,
        0.9962533507886042,
        0.9961847765101927,
        0.9956860544853812,
        0.9968455831930678,
        0.996247116763294
      ]
    },
    "validation": {
      "loss": [
        0.46445802533647956,
        0.45765722568416084,
        0.42309573191072614,
        0.4533008541945281,
        0.4410030080985338,
        0.46640510201668184,
        0.5048448279687275,
        0.5521232419424896,
        0.6397501179945105,
        0.7164580095392156,
        0.8158650503124326,
        0.9008094742225359,
        0.9939860289571957,
        1.0751001824168371,
        1.1014119155531084,
        1.1475415244778782,
        1.2232741746697007,
        1.2564841960448123,
        1.3320661909490341,
        1.3510114988261963,
        1.2938344063407856,
        1.4627092462467761,
        1.4224729032876033,
        1.4227733995156828,
        1.4419373205363002,
        1.4346644043708403,
        1.4279378449253377,
        1.5066919076378513,
        1.566925979174232,
        1.47253846009287,
        1.5453898399479726,
        1.6332485329098934,
        1.600509268377157,
        1.8652247736227148,
        1.6619046220231528,
        1.7248533640986499,
        1.8030835049798715,
        1.720333944745295,
        1.7481420436068111,
        1.720964283232629,
        1.7811413763669492,
        1.858366853458877,
        1.9187872752252986,
        1.9211568267383952,
        1.8197647183330954,
        2.081087594828443,
        1.9273634303622014,
        1.9819388702056995,
        1.8941944189088777,
        1.942280463727201
      ],
      "accuracy": [
        0.7837746858168761,
        0.7899461400359067,
        0.8098631059245961,
        0.7969591561938959,
        0.806609066427289,
        0.8006620287253142,
        0.7917414721723519,
        0.7949955116696589,
        0.7960053859964094,
        0.7915170556552962,
        0.785177289048474,
        0.7897778276481149,
        0.7816427289048474,
        0.7888240574506283,
        0.7842796229802513,
        0.7855139138240574,
        0.7862432675044884,
        0.7863554757630161,
        0.7757517953321365,
        0.7733954219030521,
        0.7630722621184919,
        0.7758078994614004,
        0.7771543985637342,
        0.7763128366247756,
        0.779286355475763,
        0.7678411131059246,
        0.7728904847396768,
        0.7704219030520646,
        0.7765372531418312,
        0.779286355475763,
        0.7749663375224417,
        0.7755273788150808,
        0.7808011669658886,
        0.774685816876122,
        0.7733393177737882,
        0.7733393177737882,
        0.7751346499102334,
        0.776705565529623,
        0.7750785457809695,
        0.7684582585278277,
        0.7639138240574507,
        0.7667190305206463,
        0.7707024236983842,
        0.7805206463195691,
        0.7765933572710951,
        0.7732271095152603,
        0.7765933572710951,
        0.7744052962298025,
        0.7687948833034112,
        0.7729465888689407
      ]
    }
  }
}